[{"UserId":1,"TodoId":1,"Title":"Do dishes","IsCompleted":false},{"UserId":1,"TodoId":2,"Title":"Walk the dog","IsCompleted":true},{"UserId":2,"TodoId":3,"Title":"Do DNP homework","IsCompleted":true},{"UserId":4,"TodoId":5,"Title":"Mow lawn","IsCompleted":true},{"UserId":666,"TodoId":6,"Title":"Make filter work","IsCompleted":false},{"UserId":3,"TodoId":7,"Title":"bam","IsCompleted":false},{"UserId":9,"TodoId":8,"Title":"boom","IsCompleted":false},{"UserId":7,"TodoId":9,"Title":"zam\n","IsCompleted":false}]